sheet,idx,code,name,start,end,ret,range_ret,observe_days,hold_days,heavy_days,open_count,win_count
第1轮-进行中,训练记录1,000068,华控赛格,20230322,20231103,-0.09071413427591324,-0.04918032884597778,111,30,30,4,1
第1轮-进行中,训练记录2,603057,紫燕食品,20250102,20250815,0.0437932051718235,0.11461249738931656,80,70,70,2,1
第1轮-进行中,训练记录3,603578,三星新材,20220628,20230209,0.19504091143608093,0.009701492264866829,91,48,48,6,4
第1轮-进行中,训练记录4,603613,国联股份,20220316,20221028,-0.09538403898477554,0.6365841031074524,14,11,11,3,1
第1轮-进行中,训练记录5,300597,吉大通信,20210713,20220225,-0.10363078862428665,0.047861505299806595,40,58,58,4,0
第1轮-进行中,训练记录6,002552,宝鼎科技,20150324,20151103,0.17564620077610016,0.18603220582008362,32,64,64,2,1
第1轮-进行中,训练记录7,603583,捷昌驱动,20240412,20241125,-0.12753388285636902,0.041374802589416504,62,44,44,8,2
第1轮-进行中,训练记录8,002977,天箭科技,20241108,20250624,-0.07179445028305054,0.23531299829483032,55,38,38,6,3
第1轮-进行中,训练记录9,603188,亚邦股份,20210114,20210826,-0.1984982043504715,0.049504950642585754,77,57,57,4,1
第1轮-进行中,训练记录10,002635,安洁科技,20201012,20210524,-0.3733329772949219,-0.40185341238975525,3,147,145,1,0
第1轮-进行中,训练记录11,000096,广聚能源,20170906,20180423,-0.0628681555390358,-0.2464887648820877,4,36,36,1,0
第1轮-进行中,训练记录12,603496,恒为科技,20180626,20190201,0.0,0.08000446110963821,0,0,0,0,0
第1轮-进行中,训练记录13,600926,XD杭州银,20230814,20240328,0.06963285058736801,-0.032370954751968384,63,87,87,5,3
第1轮-进行中,训练记录14,600569,安阳钢铁,20191230,20200813,-0.07083219289779663,-0.0967441201210022,13,137,135,1,0
第1轮-进行中,训练记录15,605005,合兴股份,20230420,20231201,0.34105080366134644,0.2766287326812744,0,148,124,1,1
第1轮-进行中,训练记录16,301016,雷尔伟,20241213,20250729,0.2822823226451874,0.07199113816022873,31,119,91,4,2
第1轮-进行中,训练记录17,688338,赛科希德,20221114,20230628,0.2660873830318451,0.46560001373291016,25,42,15,1,1
第1轮-进行中,训练记录18,603267,鸿远电子,20211027,20220610,0.10249820351600647,-0.205740824341774,85,63,37,5,4
第1轮-进行中,训练记录19,688002,睿创微纳,20211222,20220805,-0.34516555070877075,-0.36776620149612427,3,147,138,1,0
第1轮-进行中,训练记录20,688255,凯尔达,20230215,20230921,-0.09511192888021469,-0.11811632663011551,2,148,141,1,0
第1轮-进行中,训练记录21,603058,永吉股份,20240523,20241231,0.48792165517807007,0.059476338326931,6,124,103,1,1
第1轮-进行中,训练记录22,00SIMO,慧荣科技,20161201,20170710,0.2018328309059143,-0.002891052747145295,63,82,57,4,3
第1轮-进行中,训练记录23,00BAOS,宝盛,20240319,20241022,-0.4080498516559601,-0.37559667229652405,77,73,69,3,1
第1轮-进行中,训练记录24,300471,厚普股份,20180419,20181128,-0.11423919349908829,-0.20334269106388092,19,131,123,3,2
第1轮-进行中,训练记录25,002385,大北农,20130910,20140428,-0.14653122425079346,-0.1359613835811615,68,82,32,4,1
第1轮-进行中,训练记录26,002042,华孚时尚,20110308,20111018,-0.17647957801818848,-0.21422936022281647,59,87,73,5,3
第1轮-进行中,训练记录27,300994,久祺股份,20230725,20240308,-0.3639412224292755,-0.38068535923957825,6,144,141,2,0
第1轮-进行中,训练记录28,601996,丰林集团,20200224,20200929,0.03082611970603466,0.02489626593887806,67,70,55,5,4
第1轮-进行中,训练记录29,000nan,,20190329,20191111,-0.0012460737489163876,0.0,9,7,6,1,0
第1轮-进行中,训练记录30,002681,奋达科技,20160426,20161206,-0.1694411337375641,-0.1569662243127823,12,138,135,2,1
第1轮-进行中,训练记录31,300447,全信股份,20230523,20231229,-0.045709360390901566,-0.13946586847305298,65,85,65,1,0
第1轮-进行中,训练记录32,605003,众望布艺,20230315,20231027,0.08582597970962524,0.03786967322230339,64,86,57,4,3
第1轮-进行中,训练记录33,002103,广博股份,20230419,20231130,0.49533596634864807,0.30892857909202576,31,119,81,5,4
第1轮-进行中,训练记录34,605007,五洲特纸,20250217,20250922,0.11236831545829773,-0.033850446343421936,71,79,53,5,4
第1轮-进行中,训练记录35,601012,隆基绿能,20240904,20250423,0.24959024786949158,0.08997805416584015,24,126,121,3,2
第1轮-进行中,训练记录36,301131,聚赛龙,20231227,20240812,0.06630895286798477,-0.3494870662689209,39,102,78,6,3
第1轮-进行中,训练记录37,002090,金智科技,20141201,20150713,0.06072542443871498,0.6843346953392029,36,13,4,3,2
第1轮-进行中,训练记录38,688390,固德威,20250311,20251022,0.28556257486343384,0.23838862776756287,4,127,120,1,1
第1轮-进行中,训练记录39,300558,贝达药业,20181109,20190625,0.38638484477996826,0.1759972721338272,27,53,51,3,2
第1轮-进行中,训练记录40,603090,宏盛股份,20200106,20200819,0.050613291561603546,0.07900723069906235,5,93,90,1,1
第1轮-进行中,训练记录41,600007,中国国贸,20041122,20050707,-0.22338247299194336,-0.24369166791439056,3,145,141,1,0
第1轮-进行中,训练记录42,600277,ST亿利,20140417,20141126,0.14216412603855133,0.16493010520935059,68,81,61,6,5
第1轮-进行中,训练记录43,003002,壶化股份,20230120,20230904,-0.18818332254886627,-0.15222817659378052,27,123,115,2,1
第1轮-进行中,训练记录44,300263,隆华科技,20190924,20200513,0.37307608127593994,0.6096033453941345,0,116,74,1,1
第1轮-进行中,训练记录45,300815,玉禾田,20211231,20220816,-0.3000289499759674,-0.29981881380081177,0,150,150,1,0
第1轮-进行中,训练记录46,600509,天富能源,20110921,20120511,-0.1335170418024063,-0.15553522109985352,61,81,64,3,1
第1轮-进行中,训练记录47,300097,ST智云,20130812,20140327,-0.2045520842075348,0.29737505316734314,36,38,31,3,1
第1轮-进行中,训练记录48,300856,科思股份,20230222,20230928,0.38004112243652344,0.17507262527942657,41,108,107,2,2
第1轮-进行中,训练记录49,300334,津膜科技,20130801,20140318,0.31059160828590393,0.14309048652648926,103,37,25,3,3
第1轮-进行中,训练记录50,688357,建龙微纳,20210331,20211112,0.3258896768093109,1.9968422651290894,100,31,12,2,2
第1轮-进行中,训练记录51,600173,卧龙新能,20210906,20220425,-0.11923372000455856,-0.09352517873048782,0,44,44,1,0
第1轮-进行中,训练记录52,000839,国安股份,20210305,20211019,0.18994787335395813,0.0855855867266655,39,111,109,1,1
第1轮-进行中,训练记录53,000523,红棉股份,20190815,20200331,0.09250884503126144,0.22841131687164307,26,124,102,3,2
第1轮-进行中,训练记录54,000636,风华高科,20090703,20100209,0.5143611431121826,0.297468364238739,15,134,115,3,3
第1轮-进行中,训练记录55,300017,网宿科技,20160309,20161020,0.0,0.22318321466445923,0,0,0,0,0
第1轮-进行中,训练记录56,002308,*ST威创,20230627,20240201,-0.4543304741382599,-0.4449152648448944,13,137,137,1,0
第1轮-进行中,训练记录57,603611,诺力股份,20210407,20211118,0.48264145851135254,0.452963262796402,21,91,65,1,1
第1轮-进行中,训练记录58,601100,恒立液压,20200601,20210108,0.0,1.5895590782165527,0,0,0,0,0
第1轮-进行中,训练记录59,001205,盛航股份,20240726,20250313,0.08686318248510361,0.15258677303791046,15,33,14,1,1
第1轮-进行中,训练记录60,300661,圣邦股份,20221019,20230531,-0.34693869948387146,-0.2818543016910553,47,103,96,1,0
第1轮-进行中,训练记录61,300313,*ST天山,20241011,20250526,-0.12516213953495026,-0.16520467400550842,27,122,119,1,0
第1轮-进行中,训练记录62,000159,国际实业,20020522,20021226,-0.31827622652053833,-0.341750830411911,56,92,62,1,0
第1轮-进行中,训练记录63,301069,凯盛新材,20240605,20250114,0.18007299304008484,0.04749666899442673,36,114,97,3,3
第1轮-进行中,训练记录64,000nan,,20250320,20251031,0.0,0.0,0,0,0,0,0
第1轮-进行中,训练记录65,601009,南京银行,20171017,20180529,0.22406673431396484,0.017456358298659325,76,74,63,5,4
第1轮-进行中,训练记录66,000nan,,20240112,20240827,0.0,0.0,0,0,0,0,0
第1轮-进行中,训练记录67,600707,彩虹股份,20090211,20090915,0.723265528678894,1.1208226680755615,65,75,59,6,5
第1轮-进行中,训练记录68,300472,*ST新元,20180523,20181228,-0.49774885177612305,-0.5295833945274353,3,147,146,1,0
第1轮-进行中,训练记录69,688362,甬矽电子,20231204,20240718,-0.3203914165496826,-0.34354332089424133,22,128,126,2,0
第1轮-进行中,训练记录70,301226,祥明智能,20240905,20250424,0.24639035761356354,0.4060109257698059,86,64,47,6,3
第1轮-进行中,训练记录71,600354,敦煌种业,20111017,20120530,-0.11812540143728256,-0.2833980619907379,77,60,58,4,2
第1轮-进行中,训练记录72,300103,达刚控股,20170203,20170908,-0.0500103197991848,0.003604550613090396,48,102,101,8,4
第1轮-进行中,训练记录73,603329,上海雅仕,20211022,20220607,0.0032058709766715765,0.29930928349494934,70,43,35,4,2
第1轮-进行中,训练记录74,300140,节能环境,20220415,20221125,-0.02031107433140278,0.30017152428627014,41,99,95,3,1
第1轮-进行中,训练记录75,600737,中粮糖业,20040923,20050517,0.050078753381967545,-0.375,97,50,48,1,1
第1轮-进行中,训练记录76,688221,前沿生物,20240506,20241212,0.04022799804806709,0.4131386876106262,74,50,48,5,1
第1轮-进行中,训练记录77,002698,博实股份,20190110,20190822,0.15256395936012268,0.5107782483100891,0,34,24,1,1
第1轮-进行中,训练记录78,002177,御银股份,20170314,20171024,0.07533729076385498,-0.24069148302078247,73,74,69,3,2
第1轮-进行中,训练记录79,600138,中青旅,20020621,20030128,-0.04607543349266052,-0.1331637054681778,91,38,37,4,1
第1轮-进行中,训练记录80,000612,焦作万方,20120320,20121031,-0.24341048300266266,-0.24318349361419678,0,148,148,1,0
第1轮-进行中,训练记录81,301050,雷电微力,20240423,20241204,0.43519946932792664,0.5029914379119873,2,113,113,1,1
第1轮-进行中,训练记录82,002553,南方精工,20150410,20151119,0.37007978558540344,0.0665828064084053,15,47,47,2,2
第1轮-进行中,训练记录83,603601,再升科技,20230418,20231129,-0.1348034143447876,-0.1215948686003685,30,120,120,2,1
第1轮-进行中,训练记录84,600562,国睿科技,20170519,20171226,-0.1691037118434906,-0.080136239528656,57,67,67,2,0
第1轮-进行中,训练记录85,300393,中来股份,20230829,20240416,-0.2250165343284607,-0.3100358545780182,77,73,73,2,0
第1轮-进行中,训练记录86,603861,白云电器,20190507,20191212,-0.15867415070533752,-0.1751399040222168,58,92,91,2,0
第1轮-进行中,训练记录87,002951,金时科技,20221017,20230529,-0.1389070749282837,0.09513023495674133,66,84,84,3,2
第1轮-进行中,训练记录88,002019,亿帆医药,20240509,20241217,-0.07490483671426773,-0.1862715631723404,80,36,35,3,1
第1轮-进行中,训练记录89,600520,三佳科技,20131031,20140612,0.1567547470331192,0.16855204105377197,26,33,31,3,3
第1轮-进行中,训练记录90,600396,华电辽能,20021122,20030711,0.0563497357070446,0.03594771400094032,6,143,143,1,1
第1轮-进行中,训练记录91,688082,盛美上海,20231108,20240624,-0.2670575976371765,-0.29307281970977783,2,148,143,1,0
第1轮-进行中,训练记录92,688003,天准科技,20220225,20221011,-0.06310667097568512,-0.06458110362291336,15,56,55,1,0
第1轮-进行中,训练记录93,002214,*ST大立,20110801,20120315,-0.08759724348783493,-0.39544960856437683,37,41,38,2,0
第1轮-进行中,训练记录94,600381,*ST春天,20220629,20230210,-0.11562839150428772,-0.12038522958755493,55,12,10,3,1
第1轮-进行中,训练记录95,300006,莱美药业,20141112,20150624,-0.06356695294380188,0.8239095211029053,0,1,1,1,0
第1轮-进行中,训练记录96,601279,英利汽车,20230731,20240314,0.0,0.005050505045801401,0,0,0,0,0
第1轮-进行中,训练记录97,000637,茂化实华,20210506,20211214,-0.02350250631570816,0.11948052048683167,0,39,33,1,0
第1轮-进行中,训练记录98,603022,新通联,20160615,20170123,0.004525044932961464,-0.007263922598212957,56,73,70,2,1
第1轮-进行中,训练记录99,000nan,,20211008,20220523,0.0,0.0,0,0,0,0,0
第1轮-进行中,训练记录100,002087,新纺退,20121115,20130705,0.0,-0.04477611929178238,0,0,0,0,0
第1轮-进行中,训练记录101,600119,长江投资,20240314,20241029,0.0023067768197506666,0.002607561880722642,0,150,150,1,1
第1轮-进行中,训练记录102,603922,金鸿顺,20230316,20231030,0.20492613315582275,0.19523809850215912,1,149,148,1,1
第1轮-进行中,训练记录103,399013,深市精选,20180813,20190328,0.06490936875343323,0.08804591000080109,53,46,45,5,4
第1轮-进行中,训练记录104,300543,朗科智能,20190314,20191025,-0.11119920015335083,0.16927984356880188,30,3,3,1,0
第1轮-进行中,训练记录105,301120,新特电气,20230811,20240327,-0.12576280534267426,-0.2725190818309784,46,78,74,5,2
第1轮-进行中,训练记录106,603906,龙蟠科技,20181121,20190705,0.270220011472702,0.4431613087654114,118,32,29,5,3
第1轮-进行中,训练记录107,301037,保立佳,20221020,20230601,0.10401111096143723,-0.035593219101428986,50,95,90,3,2
第1轮-进行中,训练记录108,603230,内蒙新华,20250210,20250915,0.14774157106876373,0.07001237571239471,15,125,122,2,2
第1轮-进行中,训练记录109,601126,四方股份,20171009,20180521,-0.1435471624135971,-0.2738359272480011,64,86,83,4,1
第1轮-进行中,训练记录110,603088,宁波精达,20240412,20241125,0.16833384335041046,0.2058921456336975,83,41,35,4,2
第1轮-进行中,训练记录111,002876,三利谱,20200617,20210126,0.01462229061871767,0.12382149696350098,68,82,79,3,1
第1轮-进行中,训练记录112,000nan,,20220808,20230322,0.0,0.0,0,0,0,0,0
第1轮-进行中,训练记录113,600571,信雅达,20140418,20141127,-0.06171431019902229,0.1931408792734146,0,17,17,1,0
第1轮-进行中,训练记录114,000600,建投能源,20050906,20060424,0.02580179274082184,0.1657528132200241,58,46,46,1,1
第1轮-进行中,训练记录115,688297,中无人机,20250407,20251117,0.01302932109683752,0.4637375771999359,115,35,35,1,1
第1轮-进行中,训练记录116,000877,天山股份,20220706,20230217,-0.25603723526000977,-0.24274194240570068,3,65,65,1,0
第1轮-进行中,训练记录117,603602,纵横通信,20250102,20250815,0.20819538831710815,0.012494080699980259,84,66,60,4,2
第1轮-进行中,训练记录118,000514,渝 开 发,20030707,20040220,-0.03904799371957779,-0.03875968977808952,0,149,149,1,0
第2轮-进行中,训练记录1,002065,东华软件,20170504,20171211,-0.041247595101594925,-0.09890110045671463,28,107,107,2,1
第2轮-进行中,训练记录2,600481,双良节能,20210514,20211222,0.335529625415802,1.0445432662963867,8,25,25,2,2
第2轮-进行中,训练记录3,600989,宝丰能源,20210805,20220322,-0.14070051908493042,-0.10789632052183151,76,33,33,3,0
第2轮-进行中,训练记录4,300733,西菱动力,20230517,20231225,-0.1478796750307083,-0.14641346037387848,8,41,41,1,0
第2轮-进行中,训练记录5,603043,广州酒家,20230302,20231016,-0.050051502883434296,-0.22774207592010498,24,66,64,3,1
第2轮-进行中,训练记录6,000nan,,20240506,20241212,0.0,0.0,0,0,0,0,0
第2轮-进行中,训练记录7,300413,芒果超媒,20190522,20191227,-0.12721753120422363,0.3674352169036865,0,32,32,1,0
第2轮-进行中,训练记录8,600596,新安股份,20201015,20210527,0.0,0.8249708414077759,0,0,0,0,0
第3轮-进行中,训练记录1,600266,城建发展,20140919,20150507,0.0,1.0418367385864258,0,0,0,0,0
第4轮-进行中,训练记录1,603958,哈森股份,20240624,20250207,0.1823999136686325,0.6662484407424927,10,59,59,2,1
第4轮-进行中,训练记录2,300507,苏奥传感,20220817,20230331,0.002180773299187422,-0.17108018696308136,62,88,88,2,1
第4轮-进行中,训练记录3,688316,青云科技,20240403,20241118,0.46567875146865845,0.02124227024614811,54,78,74,6,3
第4轮-进行中,训练记录4,300226,上海钢联,20130624,20140130,-0.03914846479892731,6.3789472579956055,65,19,19,3,2
第4轮-进行中,训练记录5,300415,伊之密,20200121,20200903,0.07836305350065231,0.5524284839630127,42,71,70,2,1
第4轮-进行中,训练记录6,603217,元利科技,20210401,20211115,0.3410435914993286,0.7161176204681396,40,87,87,4,2
第4轮-进行中,训练记录7,301019,宁波色母,20221121,20230705,0.029969317838549614,-0.013240735977888107,23,127,127,2,1
第4轮-进行中,训练记录8,002386,天原股份,20190313,20191024,-0.01867656782269478,-0.10137100517749786,46,104,104,3,1
第4轮-进行中,训练记录9,601163,三角轮胎,20220228,20221012,-0.047114066779613495,-0.1422092318534851,17,124,124,3,1
第4轮-进行中,训练记录10,000690,宝新能源,20100624,20110209,-0.01614801213145256,-0.1063464805483818,47,102,100,5,3
第4轮-进行中,训练记录11,002848,*ST高斯,20230727,20240312,0.384970486164093,-0.11359026283025742,74,63,56,5,4
第4轮-进行中,训练记录12,603379,三美股份,20230403,20231115,-0.10860663652420044,-0.12762540578842163,2,148,137,1,0
第4轮-进行中,训练记录13,000751,锌业股份,20120924,20130516,0.27862632274627686,0.6302521228790283,3,77,23,1,1
第4轮-进行中,训练记录14,688077,大地熊,20250210,20250915,0.8013820648193359,0.6144555807113647,36,103,90,1,1
第4轮-进行中,训练记录15,000nan,,20230512,20231220,0.0,0.0,0,0,0,0,0
第4轮-进行中,训练记录16,002434,万里扬,20250328,20251110,0.14481580257415771,0.16774655878543854,8,77,74,1,1
第4轮-进行中,训练记录17,300815,玉禾田,20230407,20231120,0.01222766563296318,0.08246202766895294,10,140,124,1,1
第4轮-进行中,训练记录18,600973,宝胜股份,20080715,20090227,-0.14252743124961853,-0.1854981929063797,24,125,124,3,1
第4轮-进行中,训练记录19,600699,均胜电子,20110704,20120216,-0.07566734403371811,-0.24197983741760254,76,38,38,5,2
第4轮-进行中,训练记录20,600496,精工钢构,20190125,20190906,0.02578764781355858,0.033602599054574966,52,39,38,2,1
第4轮-进行中,训练记录21,002722,物产金轮,20170329,20171108,-0.18409234285354614,-0.3006802201271057,1,142,141,1,0
第4轮-进行中,训练记录22,000nan,,20220628,20230209,0.0,0.0,0,0,0,0,0
第4轮-进行中,训练记录23,600391,航发科技,20100211,20100928,-0.09255634993314743,-0.025079617276787758,26,84,83,2,1
第4轮-进行中,训练记录24,002785,万里石,20240531,20250109,0.13209138810634613,0.24710743129253387,49,95,89,3,2
第4轮-进行中,训练记录25,603927,中科软,20200930,20210520,-0.10575567185878754,-0.16038647294044495,38,112,112,3,1
第4轮-进行中,训练记录26,300972,万辰集团,20240617,20250123,0.18340931832790375,3.812253475189209,14,35,35,3,1
第4轮-进行中,训练记录27,002489,浙江永强,20240724,20250311,0.5914256572723389,0.3861788511276245,32,29,22,4,4
第4轮-进行中,训练记录28,601107,四川成渝,20220615,20230120,-0.10710643231868744,-0.0791366919875145,40,110,107,2,0
第4轮-进行中,训练记录29,603822,嘉澳环保,20250102,20250815,0.3244774043560028,0.29624810814857483,2,40,31,1,1
第4轮-进行中,训练记录30,002436,兴森科技,20190513,20191218,0.013672798871994019,0.6378600597381592,91,42,42,2,1
第4轮-进行中,训练记录31,688685,迈信林,20240305,20241018,0.5519302487373352,0.547974705696106,29,121,75,1,1
第4轮-进行中,训练记录32,600898,*ST美讯,20050117,20050831,0.0005206315545365214,-0.23194748163223267,62,86,70,7,3
第4轮-进行中,训练记录33,603580,*ST艾艾,20190802,20200318,-0.0821518823504448,-0.09789644181728363,1,149,124,1,0
第4轮-进行中,训练记录34,600613,神奇制药,19930908,19940414,-0.06586876511573792,-0.12428954243659973,40,110,106,5,2
第4轮-进行中,训练记录35,002173,创新医疗,20251217,20260803,0.029460841789841652,-0.07580175250768661,84,66,66,2,1
第4轮-进行中,训练记录36,601399,国机重装,20240318,20241031,0.12409093230962753,0.17905405163764954,8,133,80,1,1
第4轮-进行中,训练记录37,002370,亚太药业,20161122,20170705,-0.06818309426307678,-0.10425277054309845,16,23,12,1,0
第4轮-进行中,训练记录38,600967,内蒙一机,20241209,20250723,0.07045254856348038,1.2047795057296753,7,20,17,1,1
第4轮-进行中,训练记录39,603345,安井食品,20191206,20200722,-0.06991133838891983,1.2324165105819702,16,26,24,1,0
第4轮-进行中,训练记录40,600067,冠城新材,20150917,20160503,-0.25044986605644226,0.007299270015209913,29,115,115,1,0
第4轮-进行中,训练记录41,301023,江南奕帆,20231211,20240725,-0.19546940922737122,-0.19805559515953064,3,147,144,1,0
第4轮-进行中,训练记录42,603917,合力科技,20250417,20251127,0.09938925504684448,0.13858500123023987,1,149,117,1,1
第4轮-进行中,训练记录43,603828,ST柯利达,20180712,20190226,0.3368261456489563,0.40942561626434326,58,92,69,2,2
第4轮-进行中,训练记录44,002903,宇环数控,20210218,20210927,0.38463371992111206,0.306232750415802,50,83,77,3,2
第4轮-进行中,训练记录45,002512,达华智能,20130529,20140109,-0.10292048007249832,0.09926168620586395,7,130,71,1,0
第4轮-进行中,训练记录46,300948,冠中生态,20251014,20260528,0.08314601331949234,0.43727779388427734,23,15,8,1,1
第4轮-进行中,训练记录47,601933,永辉超市,20241016,20250529,0.18143711984157562,0.692307710647583,54,19,0,2,1
第4轮-进行中,训练记录48,603628,清源股份,20190809,20200325,-0.001112064579501748,0.13517241179943085,42,72,67,4,2
第4轮-进行中,训练记录49,300908,仲景食品,20251030,20260615,-0.12338072061538696,-0.19589364528656006,15,80,62,2,0
第4轮-进行中,训练记录50,601099,太平洋,20091029,20100608,0.14798173308372498,-0.21221864223480225,7,89,89,2,2
第4轮-进行中,训练记录51,300645,正元智慧,20190612,20200117,-0.005076457746326923,-0.004018754232674837,13,137,123,2,1
第4轮-进行中,训练记录52,000422,湖北宜化,20081107,20090622,0.38426291942596436,0.7633587718009949,27,17,15,2,2
第4轮-进行中,训练记录53,002068,黑猫股份,20101228,20110809,0.0,0.29523810744285583,0,0,0,0,0
第4轮-进行中,训练记录54,000822,山东海化,20210929,20220519,-0.08250231295824051,-0.21655437350273132,7,143,142,1,0
第4轮-进行中,训练记录55,300451,创业慧康,20221212,20230726,0.15801550447940826,-0.12566353380680084,15,16,9,2,2
第4轮-进行中,训练记录56,300848,美瑞新材,20220207,20220914,0.3162514269351959,0.33981412649154663,55,72,71,3,1
第4轮-进行中,训练记录57,603828,ST柯利达,20240620,20250205,0.5216960310935974,1.162162184715271,13,61,59,2,2
第4轮-进行中,训练记录58,002838,道恩股份,20250904,20260423,0.0,0.14070603251457214,0,0,0,0,0
第4轮-进行中,训练记录59,002398,垒知集团,20220608,20230113,-0.045553818345069885,-0.03908794745802879,0,150,148,1,0
第4轮-进行中,训练记录60,300500,启迪设计,20251010,20260526,0.1081983894109726,-0.1433933973312378,23,127,29,2,2
第4轮-进行中,训练记录61,002524,光正眼科,20250618,20260126,0.20276328921318054,0.19668246805667877,87,63,53,2,2
第4轮-进行中,训练记录62,300140,节能环境,20170126,20170907,0.2379855215549469,0.0886792466044426,35,74,39,3,1
第4轮-进行中,训练记录63,002990,盛视科技,20211123,20220707,0.08450328558683395,-0.09833166003227234,17,133,115,4,2
第4轮-进行中,训练记录64,300887,谱尼测试,20250228,20251013,0.14554663002490997,0.03192847967147827,80,70,53,5,3
第4轮-进行中,训练记录65,000568,泸州老窖,20000830,20010419,0.13720525801181793,0.11365638673305511,56,74,62,4,3
第4轮-进行中,训练记录66,300118,东方日升,20140519,20141224,0.0020508139859884977,0.032341524958610535,63,82,51,3,2
第4轮-进行中,训练记录67,600961,株冶集团,20080905,20090423,0.25961652398109436,0.34328359365463257,8,141,116,2,1
第4轮-进行中,训练记录68,002006,精工科技,20151109,20160620,0.06602684408426285,0.060677699744701385,49,7,7,1,1
第4轮-进行中,训练记录69,603367,辰欣药业,20220826,20230412,0.20059871673583984,0.18672199547290802,35,115,89,2,2
第4轮-进行中,训练记录70,601360,三六零,20160427,20161207,-0.0603109672665596,0.04523557052016258,37,113,85,3,1
第4轮-进行中,训练记录71,603229,奥翔药业,20181030,20190613,0.0768793597817421,0.09913793206214905,38,95,59,3,2
第4轮-进行中,训练记录72,300359,全通教育,20151221,20160801,-0.26805350184440613,-0.2910154163837433,0,150,143,1,0
第4轮-进行中,训练记录73,603040,新坐标,20191112,20200624,-0.1639212816953659,0.10272912681102753,0,100,92,1,0
第4轮-进行中,训练记录74,600794,保税科技,20000524,20001227,0.10134310275316238,0.10276679694652557,10,33,30,1,1
第4轮-进行中,训练记录75,002393,力生制药,20230118,20230831,0.10371313244104385,0.19608773291110992,38,112,32,2,2
第4轮-进行中,训练记录76,603693,江苏新能,20200218,20200923,0.46411964297294617,0.39795389771461487,16,134,64,1,1
第4轮-进行中,训练记录77,600206,有研新材,20161121,20170704,-0.2321479171514511,-0.21855485439300537,31,96,82,4,0
第4轮-进行中,训练记录78,002055,得润电子,20220830,20230414,-0.07252911478281021,-0.1320921927690506,3,147,141,1,0
第4轮-进行中,训练记录79,600636,*ST国化,20151207,20160718,-0.13455082476139069,-0.13429106771945953,0,101,101,1,0
第4轮-进行中,训练记录80,000nan,,20190412,20191122,0.0,0.0,0,0,0,0,0
第4轮-进行中,训练记录81,002938,鹏鼎控股,20250509,20251216,0.11497084051370621,0.7137600779533386,64,39,29,4,3
第4轮-进行中,训练记录82,601858,中国科传,20230426,20231207,-0.0929907038807869,-0.2350785881280899,75,75,71,2,0
第4轮-进行中,训练记录83,600531,豫光金铅,20220413,20221123,0.10507971793413162,-0.007518550846725702,0,150,139,1,1
第4轮-进行中,训练记录84,000725,京东方Ａ,20150226,20151008,0.244623601436615,-0.06796116381883621,6,11,7,1,1
第4轮-进行中,训练记录85,600608,*ST沪科,20130115,20130830,0.1520790159702301,0.07933884114027023,45,90,64,2,2
第4轮-进行中,训练记录86,002353,杰瑞股份,20230112,20230825,-0.05868701636791229,0.035008661448955536,16,134,124,1,0
第4轮-进行中,训练记录87,600903,贵州燃气,20191224,20200807,-0.13385604321956635,-0.2615555226802826,49,101,101,3,1
第4轮-进行中,训练记录88,002353,杰瑞股份,20250725,20260312,0.012294305488467216,1.7382221221923828,6,2,0,1,1
第4轮-进行中,训练记录89,600537,亿晶光电,20100112,20100824,0.18865148723125458,-0.019027484580874443,100,19,17,3,2
第4轮-进行中,训练记录90,300705,九典制药,20220505,20221212,0.0,0.7560476064682007,0,0,0,0,0
第4轮-进行中,训练记录91,688669,聚石化学,20220927,20230516,-0.084135502576828,-0.07028112560510635,68,68,60,7,2
第4轮-进行中,训练记录92,600498,烽火通信,20050511,20051214,-0.10078049451112747,0.0497807115316391,82,67,58,3,1
第4轮-进行中,训练记录93,300742,越博退,20210706,20220218,-0.22122952342033386,0.030566038563847542,100,19,18,4,1
第4轮-进行中,训练记录94,300236,上海新阳,20160708,20170222,0.03316726163029671,-0.29706355929374695,81,69,50,4,2
第4轮-进行中,训练记录95,000828,东莞控股,20210901,20220420,-0.06725231558084488,-0.06697247922420502,0,150,150,1,0
第4轮-进行中,训练记录96,603603,退市博天,20180607,20190116,0.24405470490455627,-0.2968076169490814,114,31,31,1,1
第4轮-进行中,训练记录97,002294,信立泰,20171128,20180711,-0.008953366428613663,0.004315277095884085,33,11,11,2,1
第4轮-进行中,训练记录98,600823,*ST世茂,20100430,20101214,0.4419507086277008,0.12859560549259186,71,77,27,3,2
第4轮-进行中,训练记录99,688329,艾隆科技,20220808,20230322,-0.10844651609659195,-0.04431017115712166,17,133,67,2,1
第4轮-进行中,训练记录100,603790,雅运股份,20220317,20221031,-0.0389731265604496,-0.0005316833266988397,18,132,129,1,0
第4轮-进行中,训练记录101,600848,上海临港,20220607,20230112,-0.13388638198375702,-0.12017804384231567,15,135,131,3,1
第4轮-进行中,训练记录102,002630,ST华西,20191022,20200603,-0.16691671311855316,-0.1666666716337204,0,150,150,1,0
第4轮-进行中,训练记录103,603530,神马电力,20220524,20221229,1.1092948913574219,0.3794136047363281,75,38,27,4,4
第4轮-进行中,训练记录104,000301,东方盛虹,20190227,20191010,0.206754669547081,-0.018181277438998222,12,126,64,3,2
第4轮-进行中,训练记录105,002867,周大生,20250610,20260116,0.030948521569371223,-0.07466429471969604,49,101,81,3,2
第4轮-进行中,训练记录106,600543,莫高股份,20231215,20240731,-0.04761609807610512,-0.29845625162124634,78,39,15,3,1
第4轮-进行中,训练记录107,603843,*ST正平,20190227,20191010,-0.07477375864982605,-0.09727945178747177,49,78,48,3,1
第4轮-进行中,训练记录108,002537,海联金汇,20180131,20180912,0.08076454699039459,0.0013378164730966091,74,76,44,3,2
第4轮-进行中,训练记录109,603893,瑞芯微,20250217,20250922,0.0,0.3353550136089325,0,0,0,0,0
第4轮-进行中,训练记录110,603266,天龙股份,20200117,20200901,-0.012009368278086185,-0.04524856433272362,26,104,61,2,1
第4轮-进行中,训练记录111,600865,百大集团,20151120,20160701,0.10670407116413116,-0.245214581489563,26,113,90,2,1
第4轮-进行中,训练记录112,300017,网宿科技,20210412,20211123,-0.019957328215241432,-0.02043818309903145,0,150,146,1,0
第4轮-进行中,训练记录113,603028,赛福天,20201030,20210611,0.009783917106688023,-0.06666667014360428,3,147,128,1,1
第4轮-进行中,训练记录114,603045,福达合金,20210203,20210915,0.21894599497318268,0.40345191955566406,32,59,28,2,2
第4轮-进行中,训练记录115,000858,五 粮 液,20121030,20130619,-0.22377458214759827,-0.3313295245170593,6,144,120,1,0
第4轮-进行中,训练记录116,002740,*ST爱迪,20190820,20200403,0.4506250023841858,0.2709677517414093,50,100,100,3,2
第4轮-进行中,训练记录117,002486,嘉麟杰,20200324,20201105,0.34594404697418213,-0.0683760717511177,43,72,66,3,2
第4轮-进行中,训练记录118,300815,玉禾田,20240429,20241210,0.10897320508956909,0.27968546748161316,0,113,96,1,1
第4轮-进行中,训练记录119,300961,深水海纳,20230727,20240312,0.09867444634437561,-0.24173912405967712,51,99,63,3,3
第4轮-进行中,训练记录120,603180,金牌家居,20220713,20230224,0.20516808331012726,0.6272866129875183,9,102,57,2,2
第4轮-进行中,训练记录121,300651,金陵体育,20241111,20250625,0.42330989241600037,0.9178813099861145,54,72,20,3,3
第4轮-进行中,训练记录122,600576,祥源文旅,20260105,20260818,-0.1303759068250656,-0.13990460336208344,0,150,97,1,0
第4轮-进行中,训练记录123,000630,铜陵有色,20151228,20160808,0.0009861744474619627,-0.2742382287979126,90,60,44,2,1
其他训练,训练记录1,688559,海目星,20240722,20250307,-0.03378758206963539,0.02981366403400898,0,2,1,1,0
